Feature,Importance
efermi,0.06824463287587067
mode LogThermalConductivity,0.029153456265198822
mode HeatVaporization,0.028475989899243624
mode ThermalConductivity,0.027886018599687673
minimum ThermalConductivity,0.026525587767600618
minimum LogThermalConductivity,0.02371604921288096
minimum HeatVaporization,0.020576608847199595
formation_energy_per_atom,0.019508078939690945
mean Density,0.01943597863444437
mean NpUnfilled,0.014645473181433515
