Feature,Importance
efermi,0.07607588766951329
maximum Electronegativity,0.04187598957315384
formation_energy_per_atom,0.025031948148651936
minimum CovalentRadius,0.02405535142544277
mean MeltingT,0.021305255527606818
mode CovalentRadius,0.0193865909635579
mean NdValence,0.018394062128090135
density,0.01828997511864924
maximum NUnfilled,0.017354745231698554
mean GSbandgap,0.016822473992499733
