Feature,Importance
mode ThermalConductivity,0.03476304445864294
minimum LogThermalConductivity,0.03468341623130433
mode HeatVaporization,0.034602126034861444
mode LogThermalConductivity,0.02494813055756598
mean LogThermalConductivity,0.0233290818494219
mean Density,0.02137444888355428
minimum MolarVolume,0.020867457741780268
mean MeltingT,0.020491185811957434
maximum Electronegativity,0.015293061053014992
mean HeatFusion,0.014977817110274962
