Feature,Importance
maximum Electronegativity,0.043713199830482705
mean MeltingT,0.04134462663177466
mode CovalentRadius,0.0392054796815559
minimum CovalentRadius,0.02633411566922487
range MeltingT,0.022664617740117163
maximum MeltingT,0.021289266066375174
mean NpUnfilled,0.02118346980669761
mean NdValence,0.02100741774671586
mean Row,0.01964504567468427
avg_dev MeltingT,0.018921305148679117
