Feature,Importance
maximum Electronegativity,0.040297452517242545
mode CovalentRadius,0.03963647750559785
mean MeltingT,0.03800220057204451
mode MeltingT,0.027236828429050158
maximum MeltingT,0.025478223059307258
range MeltingT,0.02536959628242064
range Electronegativity,0.02345308080920936
mean CovalentRadius,0.023432370272498823
avg_dev Column,0.020191340995958637
mean GSbandgap,0.019728282446298085
