Feature,Importance
mode LogThermalConductivity,0.03465897751100562
mode ThermalConductivity,0.02629883208295002
mean Density,0.02575478246402447
mode HeatVaporization,0.025082290782922016
minimum LogThermalConductivity,0.024778458587384432
minimum ThermalConductivity,0.022295316000427258
mean MeltingT,0.019107551506193435
minimum HeatVaporization,0.018469586958017987
maximum Electronegativity,0.017690080825479505
mean BoilingT,0.017030812806002972
