Feature,Importance
maximum Electronegativity,0.04236134154281592
mean MeltingT,0.029222547141485353
mean NdValence,0.026282510592691127
minimum CovalentRadius,0.025417717646852012
maximum MendeleevNumber,0.021685084690016766
maximum NUnfilled,0.02131780368964071
mean NpValence,0.021235245528043872
maximum MeltingT,0.020344003859714504
mean Row,0.02011598590588383
mode Electronegativity,0.0199840379379434
