Model,Train_set,Test_set,R²,RMSE,MAE
XGBoost,dft,dft,0.6697623086701436,0.4892472516327484,0.346737506312686
