Model,Train_set,Test_set,R²,RMSE,MAE
XGBoost,dft,dft,0.7110631383161505,0.45974997349327196,0.3238486062915279
