Model,Error_Type,Train_set,Test_set,R²,RMSE,MAE
Direct Mix XGBoost,Train,mix,mix,0.7198045746164944,0.4354720943147784,0.20810276108010084
Direct Mix XGBoost,Test,mix,dft,0.645553684218262,0.5068626713989882,0.3640938887383158
Direct Mix XGBoost,Test,mix,exp,-0.07252965166179348,0.7759114295696203,0.6344525732495891
Direct Mix XGBoost,Test,mix,mix,0.37628306216114993,0.6322181654845355,0.4752251226196153
