Model,Error_Type,Train_set,Test_set,R²,RMSE,MAE
Direct Mix XGBoost,Train,mix,mix,0.7795392606716754,0.39822619293949363,0.20070851982301965
Direct Mix XGBoost,Test,mix,dft,0.6688791682150715,0.4925396843512122,0.35553698574631987
Direct Mix XGBoost,Test,mix,exp,0.15727287702488857,0.7276081383010161,0.5782369117103835
Direct Mix XGBoost,Test,mix,mix,0.4155931143147662,0.6364558634962791,0.4780276334600571
