Model,Error_Type,Train_set,Test_set,R²,RMSE,MAE
Direct Mix XGBoost,Train,mix,mix,0.783085506088112,0.3920803403351511,0.1848138245621024
Direct Mix XGBoost,Test,mix,dft,0.6788535294863252,0.49275466417130487,0.3483330622610087
Direct Mix XGBoost,Test,mix,exp,-0.005323761000634919,0.8092836578980773,0.6332701538413614
Direct Mix XGBoost,Test,mix,mix,0.3806444428474963,0.6615238052967322,0.4845898894564984
