Model,Error_Type,Train_set,Test_set,R²,RMSE,MAE
XGBoost,Train,dft,dft,0.9984773085945181,0.0329841001376456,0.023905155496980406
XGBoost,Test,dft,dft,0.6663028354029149,0.49180318069010437,0.3492736716345464
