Model,Error_Type,Train_set,Test_set,R²,RMSE,MAE
XGBoost,Train,dft,dft,0.9951239150916242,0.06014907907660133,0.04322814393513291
XGBoost,Test,dft,dft,0.7178262922990526,0.4543374221457768,0.3256941149972114
