Model,Error_Type,Train_set,Test_set,R²,RMSE,MAE
XGBoost,Train,dft,dft,0.995449157841623,0.05810844302528056,0.04166124474328891
XGBoost,Test,dft,dft,0.7215985957257784,0.45129024705381593,0.3245739824948497
