Model,Error_Type,Train_set,Test_set,R²,RMSE,MAE
Plus Engineered XGBoost,Train,dft,dft,0.9972471758728602,0.04481592097798885,0.032016771533298044
Plus Engineered XGBoost,Test,dft,dft,0.700911835853155,0.47553094155213654,0.3344131856341859
