Model,Train_set,Test_set,R²,RMSE,MAE
XGBoost,dft,dft,0.6917152220116308,0.4827866002822894,0.33770499262040565
