Model,Error_Type,Train_set,Test_set,R²,RMSE,MAE
Self Learning XGBoost,Train,mix,mix,0.9774107082224011,0.11724847295622957,0.0876334676424475
Self Learning XGBoost,Test,mix,dft,0.2758752330468469,0.7278249480746096,0.5123123214259088
Self Learning XGBoost,Test,mix,exp,0.7381970251490528,0.40488418504061385,0.29651201512728126
Self Learning XGBoost,Test,mix,mix,0.48146879476210347,0.5882114603340768,0.3984567933508688
