Model,Error_Type,Train_set,Test_set,R²,RMSE,MAE
Self Learning XGBoost,Train,mix,mix,0.9767239429972235,0.11909881290581613,0.0894434054550019
Self Learning XGBoost,Test,mix,dft,0.28182976084286837,0.7253734867961619,0.5096936266395597
Self Learning XGBoost,Test,mix,exp,0.7418233608854178,0.4027286567559945,0.2854461905808531
Self Learning XGBoost,Test,mix,mix,0.4668122951787044,0.607925964932845,0.40881252349850467
