Model,Error_Type,Train_set,Test_set,R²,RMSE,MAE
Self Learning XGBoost,Train,mix,mix,0.9840208127182353,0.09521251385042918,0.07026048280372164
Self Learning XGBoost,Test,mix,dft,0.3619482296140504,0.6800534276839488,0.4865073022403658
Self Learning XGBoost,Test,mix,exp,0.6477734992979527,0.44465021793404447,0.32490707756512205
Self Learning XGBoost,Test,mix,mix,0.42771375474379447,0.6055916175850928,0.43321758636587987
