Model,Error_Type,Train_set,Test_set,R²,RMSE,MAE
Stacking XGBoost,Train,meta,meta,0.9855462208505943,0.09073882842863508,0.051269268858488815
Stacking XGBoost,Test,meta,dft,0.18231347141933307,0.7698542228183849,0.6140933202017518
Stacking XGBoost,Test,meta,exp,0.6252486711247355,0.4586475587208896,0.34463843728001436
Stacking XGBoost,Test,meta,mix,0.3192041857883722,0.6605134106136259,0.5066974759887767
