Model,Error_Type,Train_set,Test_set,R²,RMSE,MAE
Stacking XGBoost,Train,meta,meta,0.9893239078861724,0.08283191300920772,0.047434456921015604
Stacking XGBoost,Test,meta,dft,0.230917573424389,0.7625452340508908,0.5960618759573448
Stacking XGBoost,Test,meta,exp,0.6976786006373636,0.4437948330313346,0.3318849273630494
Stacking XGBoost,Test,meta,mix,0.4826557250609862,0.6045960166535006,0.458132374069239
