Model,Error_Type,Train_set,Test_set,R²,RMSE,MAE
Stacking XGBoost,Train,meta,meta,0.989678736478017,0.08159147241082838,0.04593500846196954
Stacking XGBoost,Test,meta,dft,0.15662683857613657,0.7860639217108715,0.6182088181103725
Stacking XGBoost,Test,meta,exp,0.7026427491420515,0.4322085247965108,0.3118750151558819
Stacking XGBoost,Test,meta,mix,0.39013820353294404,0.6501691280907549,0.476378322367546
